_step,avg_telescope_perplexity,avg_causal_perplexity,training_loss
1000,10.026041666666666,3.537109375,3.4796597957611084
1000,10.026041666666666,3.537109375,3.4796597957611084
2000,9.4921875,3.90576171875,3.4529805183410645
2000,9.4921875,3.90576171875,3.4529805183410645
4000,10.171875,3.2109375,2.1643710136413574
4000,10.171875,3.2109375,2.1643710136413574
5000,10.330078125,3.87841796875,4.416269779205322
5000,10.330078125,3.87841796875,4.416269779205322
6000,9.4609375,4.063151041666667,6.299959182739258
6000,9.4609375,4.063151041666667,6.299959182739258
7000,9.80859375,3.900390625,3.4387753009796143
7000,9.80859375,3.900390625,3.4387753009796143
8000,10.174479166666666,3.1341145833333335,3.2851498126983643
8000,10.174479166666666,3.1341145833333335,3.2851498126983643
9000,9.421875,3.5885416666666665,3.556274175643921
9000,9.421875,3.5885416666666665,3.556274175643921
11000,10.18359375,3.8388671875,5.482766628265381
11000,10.18359375,3.8388671875,5.482766628265381
12000,10.127604166666666,3.7096354166666665,4.22369909286499
12000,10.127604166666666,3.7096354166666665,4.22369909286499
13000,10.151041666666666,3.6022135416666665,2.0105714797973633
13000,10.151041666666666,3.6022135416666665,2.0105714797973633
14000,10.703125,3.701171875,4.047782897949219
14000,10.703125,3.701171875,4.047782897949219
15000,10.403645833333334,3.9069010416666665,3.926278829574585
15000,10.403645833333334,3.9069010416666665,3.926278829574585
16000,9.9375,3.794921875,4.416367530822754
16000,9.9375,3.794921875,4.416367530822754
17000,9.873046875,3.5947265625,4.473988056182861
17000,9.873046875,3.5947265625,4.473988056182861
18000,9.7265625,3.515625,2.4593276977539062
18000,9.7265625,3.515625,2.4593276977539062
19000,10.35546875,3.0048828125,3.9679980278015137
19000,10.35546875,3.0048828125,3.9679980278015137
20000,9.984375,4.3671875,2.3738651275634766
20000,9.984375,4.3671875,2.3738651275634766
21000,10.3359375,3.9228515625,4.265333652496338
21000,10.3359375,3.9228515625,4.265333652496338
22000,10.0625,3.3525390625,3.1276187896728516
22000,10.0625,3.3525390625,3.1276187896728516
23000,10.390625,3.6748046875,2.3730006217956543
23000,10.390625,3.6748046875,2.3730006217956543
24000,9.919270833333334,4.418619791666667,1.9898728132247925
24000,9.919270833333334,4.418619791666667,1.9898728132247925
25000,10.52734375,3.0087890625,1.564468264579773
25000,10.52734375,3.0087890625,1.564468264579773
26000,8.4609375,3.7890625,1.9385730028152466
26000,8.4609375,3.7890625,1.9385730028152466
27000,10.236328125,3.939453125,4.271293640136719
27000,10.236328125,3.939453125,4.271293640136719
28000,9.443359375,4.10400390625,1.093861699104309
28000,9.443359375,4.10400390625,1.093861699104309
29000,9.299479166666666,4.227864583333333,4.674462795257568
29000,9.299479166666666,4.227864583333333,4.674462795257568
30000,9.791666666666666,3.6927083333333335,5.703299045562744
30000,9.791666666666666,3.6927083333333335,5.703299045562744
31000,9.0859375,3.529296875,1.6480975151062012
31000,9.0859375,3.529296875,1.6480975151062012
32000,10.033203125,3.931640625,3.7203116416931152
32000,10.033203125,3.931640625,3.7203116416931152
33000,9.984375,3.8525390625,3.0170629024505615
33000,9.984375,3.8525390625,3.0170629024505615
34000,8.9140625,3.97998046875,1.3657726049423218
34000,8.9140625,3.97998046875,1.3657726049423218
35000,9.298828125,4.37548828125,1.404343605041504
35000,9.298828125,4.37548828125,1.404343605041504
36000,10.786458333333334,3.916015625,2.7894320487976074
36000,10.786458333333334,3.916015625,2.7894320487976074
37000,9.7265625,3.93115234375,2.5070884227752686
37000,9.7265625,3.93115234375,2.5070884227752686
38000,9.903645833333334,3.78515625,1.7401069402694702
38000,9.903645833333334,3.78515625,1.7401069402694702
39000,9.3046875,4.3447265625,3.0191807746887207
39000,9.3046875,4.3447265625,3.0191807746887207
40000,9.1796875,3.7841796875,1.811571478843689
40000,9.1796875,3.7841796875,1.811571478843689
41000,10.278645833333334,3.4791666666666665,2.3973591327667236
41000,10.278645833333334,3.4791666666666665,2.3973591327667236
42000,10.1953125,3.7994791666666665,2.661653518676758
42000,10.1953125,3.7994791666666665,2.661653518676758
43000,10.130208333333334,3.6966145833333335,1.8211256265640259
43000,10.130208333333334,3.6966145833333335,1.8211256265640259
44000,9.7421875,3.4052734375,2.152090549468994
44000,9.7421875,3.4052734375,2.152090549468994
45000,9.783203125,3.60009765625,1.31244957447052
45000,9.783203125,3.60009765625,1.31244957447052
46000,9.85546875,2.873046875,2.8657288551330566
46000,9.85546875,2.873046875,2.8657288551330566
47000,10.640625,3.6826171875,4.400730133056641
47000,10.640625,3.6826171875,4.400730133056641
48000,9.8125,3.046875,4.075062274932861
48000,9.8125,3.046875,4.075062274932861
49000,9.94140625,3.85400390625,4.463974475860596
49000,9.94140625,3.85400390625,4.463974475860596
50000,9.498046875,3.8388671875,2.8844587802886963
50000,9.498046875,3.8388671875,2.8844587802886963
51000,10.294921875,3.5966796875,2.0600626468658447
51000,10.294921875,3.5966796875,2.0600626468658447
52000,10.15625,4.059895833333333,3.4171292781829834
52000,10.15625,4.059895833333333,3.4171292781829834
53000,9.838541666666666,3.8092447916666665,1.3297646045684814
53000,9.838541666666666,3.8092447916666665,1.3297646045684814
54000,9.603515625,3.74853515625,2.2162046432495117
54000,9.603515625,3.74853515625,2.2162046432495117
55000,10.643229166666666,3.33984375,4.678065776824951
55000,10.643229166666666,3.33984375,4.678065776824951
56000,10.05859375,3.39453125,2.8866000175476074
56000,10.05859375,3.39453125,2.8866000175476074
57000,11.076171875,3.6494140625,2.3964500427246094
57000,11.076171875,3.6494140625,2.3964500427246094
58000,10.171875,3.6888020833333335,1.5170197486877441
58000,10.171875,3.6888020833333335,1.5170197486877441
59000,9.24609375,4.1787109375,2.984248161315918
59000,9.24609375,4.1787109375,2.984248161315918
60000,9.760416666666666,4.234375,2.2127299308776855
60000,9.760416666666666,4.234375,2.2127299308776855
61000,10.7203125,3.67109375,2.7060391902923584
61000,10.7203125,3.67109375,2.7060391902923584
62000,10.8984375,3.4147135416666665,1.8312677145004272
62000,10.8984375,3.4147135416666665,1.8312677145004272
63000,9.4140625,3.6572265625,2.6875414848327637
63000,9.4140625,3.6572265625,2.6875414848327637
64000,9.9609375,4.029296875,1.1233484745025635
64000,9.9609375,4.029296875,1.1233484745025635
65000,10.1484375,3.86328125,2.498561143875122
65000,10.1484375,3.86328125,2.498561143875122
66000,10.46875,4.0126953125,4.143963813781738
66000,10.46875,4.0126953125,4.143963813781738
67000,10.11328125,3.54638671875,2.303253173828125
67000,10.11328125,3.54638671875,2.303253173828125
68000,9.677083333333334,3.51953125,2.4524545669555664
68000,9.677083333333334,3.51953125,2.4524545669555664
69000,10.205729166666666,3.609375,2.9196767807006836
69000,10.205729166666666,3.609375,2.9196767807006836
70000,10.07421875,3.86279296875,1.7901087999343872
70000,10.07421875,3.86279296875,1.7901087999343872
71000,10.130208333333334,3.591796875,2.7628674507141113
71000,10.130208333333334,3.591796875,2.7628674507141113
72000,9.087890625,3.78955078125,0.9955167174339294
72000,9.087890625,3.78955078125,0.9955167174339294
73000,10.471354166666666,3.8190104166666665,2.277811288833618
73000,10.471354166666666,3.8190104166666665,2.277811288833618
74000,9.80859375,4.072265625,1.5271830558776855
74000,9.80859375,4.072265625,1.5271830558776855
75000,10.5546875,3.6959635416666665,3.4939026832580566
75000,10.5546875,3.6959635416666665,3.4939026832580566
76000,10.049479166666666,3.9231770833333335,1.0320186614990234
76000,10.049479166666666,3.9231770833333335,1.0320186614990234
77000,10.46484375,3.5654296875,2.1054553985595703
77000,10.46484375,3.5654296875,2.1054553985595703
78000,10.140625,3.63427734375,2.015707492828369
78000,10.140625,3.63427734375,2.015707492828369
79000,10.3046875,3.822265625,2.399887800216675
79000,10.3046875,3.822265625,2.399887800216675
80000,9.9296875,4.352213541666667,1.4963884353637695
80000,9.9296875,4.352213541666667,1.4963884353637695
81000,10.265625,4.23046875,2.6453051567077637
81000,10.265625,4.23046875,2.6453051567077637
83000,10.2578125,3.99609375,2.2651913166046143
83000,10.2578125,3.99609375,2.2651913166046143
84000,10.16015625,3.9345703125,1.8127710819244385
84000,10.16015625,3.9345703125,1.8127710819244385
85000,10.3359375,3.9755859375,2.1045241355895996
85000,10.3359375,3.9755859375,2.1045241355895996
86000,10.213541666666666,3.3880208333333335,1.2339446544647217
86000,10.213541666666666,3.3880208333333335,1.2339446544647217
87000,9.809895833333334,3.7395833333333335,2.818150758743286
87000,9.809895833333334,3.7395833333333335,2.818150758743286
88000,10.7109375,4.0322265625,3.020334482192993
88000,10.7109375,4.0322265625,3.020334482192993
89000,10.3671875,3.9091796875,3.8341991901397705
89000,10.3671875,3.9091796875,3.8341991901397705
90000,9.541015625,3.541015625,1.850003719329834
90000,9.541015625,3.541015625,1.850003719329834
